country,share_of_top_1,share_of_top_2,share_of_top_3,share_of_top_4,share_of_top_5,share_of_top_6,share_of_top_7,share_of_top_8,share_of_top_9,share_of_top_10
Afghanistan,0.49640636960157863,0.5606938797350052,0.6192724171767988,0.6778509546185925,0.7082876149098665,0.7264110285710575,0.7421946589538072,0.7550547356152358,0.7671945861923906,0.7787917485419171
Albania,0.24395127678104048,0.31508796924020366,0.37390686954017693,0.42610548847382024,0.4775457217371637,0.51341310858847,0.5489686304639035,0.5829292690234721,0.6157462083631111,0.643065580249562
Algeria,0.11710831043859087,0.1568999135890131,0.17909225617377897,0.19606749517854433,0.21250163150580742,0.22684174406051394,0.24049463045743336,0.25366223829965767,0.2661509415924636,0.2765601839273583
American Samoa,0.30433747055865773,0.5157329240214888,0.6229126419138857,0.7075978511128166,0.7638076587186069,0.8181120491174213,0.8675470399872972,0.9055495276153175,0.9389207928652711,0.9691957551538889
Andorra,0.27633874829232663,0.49076841920168807,0.6425721280653582,0.7510787085255171,0.848615601033396,0.8931436068766823,0.934614708309099,0.9665769433661117,0.9857705157511734,1
Angola,0.22708704784825548,0.27622772344205504,0.3249228412923645,0.3703312857199766,0.4153205933975164,0.4525390206580267,0.48468592596215976,0.513965785386115,0.5430389393909772,0.5694215691992403
Anguilla,0.6259612426945556,0.9157182405413719,1,1,1,1,1,1,1,1
Antarctica,1,1,1,1,1,1,1,1,1,1
Antigua & Barbuda,0.6673645354122476,0.7369493953334619,0.7886835073413956,0.8346326547478031,0.8802787801988926,0.9197542767416875,0.95625464863226906,0.9829481281507396,1,1
Argentina,0.12251265264279121,0.1783345464185622,0.2185202688065784,0.24366355072702056,0.26692232706246805,0.288986819012543,0.3055628065695769,0.32023907553752334,0.33320080928096646,0.345875529997332
Armenia,0.4346238812305887,0.493600388563452,0.5337834776269966,0.5521464394534992,0.5683610937329835,0.5825399235433044,0.5957199195209413,0.6071796795941388,0.6174991076872446,0.6269516608941252
Aruba,0.29096587712661737,0.49950532503055345,0.6469378649440338,0.7720615336863955,0.8884556441444063,1,1,1,1,1
Australia,0.12313375860167292,0.23889059765883897,0.29966736930104854,0.3512693213176114,0.3839241543724873,0.39900715692800004,0.40766351584761795,0.41586762807946087,0.4235556805401708,0.4301500836172655
Austria,0.2053432751384864,0.24120758455167793,0.26607577510510155,0.2905841377058176,0.3132866835735626,0.33304796370642215,0.3521374193148944,0.3682219958797029,0.380923655531505,0.3932359871656508
Azerbaijan,0.23164790095004617,0.3060637929936299,0.3756922125094219,0.42554831861682607,0.46231278803934794,0.4887450307280008,0.5107472793358993,0.528797554955309,0.5468478305747188,0.5619911819216739
Bahamas,0.6367803954106219,0.7667541073369147,0.8419307346971843,0.8774769036504385,0.900979726615208,0.9227700533863006,0.9432026751816559,0.9580480337023721,0.9685073905524966,0.9753657562221161
Bahrain,0.28548743733261334,0.5001423014894223,0.6423824918085425,0.7379302795676954,0.8148723300226952,0.8704647785569899,0.9254252625280042,0.971742572956879,0.990419825881357,1
Bangladesh,0.36810342339560365,0.5074407611709872,0.5607800899357365,0.5974389470447158,0.6340484701555613,0.6611885669099102,0.6746488222609786,0.6877691777387371,0.6997678245370246,0.70975831459139
Barbados,0.9029174266518795,0.9362254016846466,0.9571689137787228,0.9733462874531406,0.9857199160426386,0.9942897995472169,1,1,1,1
Belarus,0.23948512438593347,0.31191280832546103,0.3632633148100696,0.414016250837176,0.46386753868605435,0.510977590626708,0.5398010517899895,0.5644077027890471,0.5843329040687029,0.6023104683016847
Belgium,0.06547325022500723,0.09947793438475491,0.1165099925828569,0.129368687011467,0.14191550676358125,0.15223120823359426,0.16076124406512898,0.16837557369777223,0.17550352275747072,0.18199493650195606
Belize,0.2883881774970791,0.4110942712756723,0.49287487272368957,0.5646563656924066,0.6280106419418259,0.6907971602719607,0.7387375128449364,0.7701002726176456,0.798380247655066,0.8239903528075864
Benin,0.1675029330996721,0.2626633926465785,0.32786750579466034,0.39089041900155214,0.45336667544869763,0.4824322377503002,0.5058114349937293,0.5289367920720955,0.5475154746293045,0.5638236568179643
Bermuda,0.677626876340243,1,1,1,1,1,1,1,1,1
Bhutan,0.37715569960861056,0.4828690680039139,0.5683937744618396,0.6505702666340509,0.703560726516634,0.7473168419765166,0.7871284858121331,0.8227701504403131,0.8569937928082192,0.8808555528375733
Bolivia,0.27085850975746323,0.5183126733525161,0.6319816611143418,0.6623606424122671,0.6905569763646072,0.7149757657776461,0.7382702634633969,0.7597898908054799,0.7788750164840272,0.7922608572991273
Bosnia & Herzegovina,0.23011540598187563,0.30314200728859025,0.35744742128302703,0.4045075115283779,0.4390275802527689,0.46401019107943664,0.47871419861507536,0.4923804704886077,0.5052507707053365,0.5176996353062642
Botswana,0.14722344912580382,0.20903368941096873,0.26163189266629094,0.3126438540298852,0.35738675314693297,0.39066316745132046,0.42383917156813816,0.4552986396212623,0.48537447919686194,0.5143207041623011
Brazil,0.08624623138841149,0.13317870925303482,0.15210776142579824,0.17096918112571594,0.1876616877927031,0.20309933527099952,0.21845448003509432,0.23200758524195456,0.24350775556116425,0.25419163448351384
British Virgin Islands,1,1,1,1,1,1,1,1,1,1
Brunei,0.414619073674724,0.6153207377128327,0.8090636969326338,0.932344137242911,0.9602626412179343,0.9858186616884997,0.993034857896939,1,1,1
Bulgaria,0.21597059120037088,0.28097280045811646,0.33958090436780936,0.376301803721222,0.40317848291638514,0.4300525387350903,0.448969331604903,0.464660870503767,0.48011386952899526,0.49496761441762727
Burkina Faso,0.39121507089283586,0.5377903723098827,0.5637452409433157,0.5857757555976874,0.6059558566868948,0.6257120666433961,0.6447364691342627,0.6603621296925453,0.6744784980939477,0.6863351396354407
Burundi,0.631740372187286,0.6850376178174276,0.7357169721146946,0.7813732268877477,0.8117228648337048,0.8393815272784605,0.8648345259465221,0.879700995422796,0.8928101601775043,0.9055473347271332
Cambodia,0.44648146408911105,0.6859406393458485,0.7255108147072868,0.7593474033721673,0.7817630686875571,0.8031129968013697,0.823836421256747,0.8413575267406119,0.8562472033620093,0.8710205455178458
Cameroon,0.15504838707995383,0.30561095923300013,0.35432943770130865,0.39758134703762754,0.4339797960462303,0.46158042561070894,0.48765731725023126,0.5064646464412377,0.522748711977959,0.5388579242425313
Canada,0.07847465552342656,0.13168496916972244,0.16246942959428964,0.19298094913043443,0.21749308125181321,0.24011813936833215,0.2602966595512288,0.27840619544125034,0.296323709885718,0.31237787381734167
Cape Verde,0.3746565756756389,0.562199546177154,0.6287783469434896,0.6866529885729038,0.7232930690109651,0.7535606070899629,0.7832792097503974,0.810717828172344,0.8379961139720369,0.8637797736320774
Caribbean Netherlands,0.2345105799969554,0.46133353630689605,0.6752169279951287,0.7890850966661592,0.8793575886740752,0.962855838027097,1,1,1,1
Cayman Islands,0.4639957028658093,0.70626244115137915,0.940788018578786,0.9708363613384309,1,1,1,1,1,1
Central African Republic,0.3023724344716493,0.4321941985487439,0.530478164164039,0.5785030088105596,0.6171042915375156,0.6480071282458977,0.674685943301563,0.6952879585049144,0.7157760825614045,0.7358964796469821
Chad,0.38622425919228826,0.4419406240207861,0.4817080359529699,0.5211757356373203,0.5446632328070993,0.5658820076913833,0.5860357387679639,0.6061141866732878,0.6242102724313311,0.640954670156018
Chile,0.36625217404011173,0.40926589505262634,0.4359656175523203,0.4582673262791374,0.47965266541046625,0.49880594838423137,0.5177237600333688,0.5363420461004397,0.554371805284446,0.5712995435263444
China,0.0329601242884156,0.0609652869320964,0.08680464541630378,0.11057962880569189,0.1306201949666255,0.14700067282864876,0.16235075918448177,0.176596306776513,0.19077557956134336,0.20453343992798584
Christmas Island,1,1,1,1,1,1,1,1,1,1
Cocos (Keeling) Islands,1,1,1,1,1,1,1,1,1,1
Colombia,0.1963016024905633,0.2575086897812674,0.3086658906037815,0.3395221662641832,0.3629153720561599,0.3827928646210222,0.39765751275682143,0.4112049770340125,0.42397374380255975,0.4365313058498618
Comoros,0.19005110472655157,0.25695253108235233,0.3009153085352521,0.33292568203198497,0.3641021077521548,0.39449797869365133,0.422104701126338,0.44771554244743333,0.46992957209325975,0.4905468968498131
Congo - Brazzaville,0.4999509382151953,0.7602684802122093,0.7907902075199986,0.8167715125836541,0.8315876671033039,0.8439323184480635,0.8541903935259633,0.8631950598188018,0.8715499412393688,0.8785437049694165
Congo - Kinshasa,0.4308736828359826,0.49070924581944136,0.5472972869257602,0.5808830287554594,0.61270811299867,0.6347045107331039,0.6559855773652145,0.6731065585895436,0.6901941740330582,0.703911226233378
Cook Islands,1,1,1,1,1,1,1,1,1,1
Costa Rica,0.17591449998792255,0.20903877074566235,0.23840432604099826,0.26334375495569673,0.28717310780340416,0.308020903456989,0.3267409657976847,0.3450551204752848,0.36321646903391874,0.3813048277281668
Croatia,0.22425641509159783,0.27489044725770906,0.31137614871123664,0.3369026895886792,0.359649309565111,0.3783419627133731,0.39598935749221803,0.41119849196218955,0.4253478365044235,0.4378517355242868
Cuba,0.19903524442945733,0.2501654316095516,0.28213526262371497,0.311487254545391,0.3365803368458001,0.3596232077782383,0.38053032305753304,0.3998516496525522,0.41858713586879237,0.4363060248380132
Curaçao,0.9273340999295226,0.9654512407730257,0.983434103638859,1,1,1,1,1,1,1
Cyprus,0.18828572931460733,0.3329388248908527,0.4005688436018245,0.4643514656927944,0.5042963847997776,0.5418686174169841,0.5756469938456683,0.6007273984234691,0.6233364894008732,0.6451575027991313
Czechia,0.1342539987461283,0.17796166718632964,0.21018856567144392,0.22962357702666544,0.24148168334867365,0.2529418357183887,0.26370283309811243,0.27413786530128337,0.2845477878194761,0.2947437021051476
Côte d’Ivoire,0.21927942082913693,0.26576760842663466,0.29464299838286634,0.309938954383065,0.32457388236136486,0.338125876109299,0.34773667890641025,0.35730037196572356,0.3658073915247986,0.3742014240323216
Denmark,0.22378482019173934,0.2791237044907109,0.314208541229431,0.34193627608356053,0.36037054373611427,0.374278930882699,0.3864616211889811,0.3984185121335149,0.4102659951398821,0.4219499481961172
Djibouti,0.8093382801277348,0.8739368353606234,0.9163096948213677,0.9415427384434133,0.9641198081911474,0.9840512385932639,0.9885971394024575,0.9911846470241724,0.9936042185546128,0.9959927864989717
Dominica,0.38364124646941705,0.4677501504838635,0.5295411399731444,0.589919896281891,0.6447654766865768,0.695328054822429,0.7400796406908366,0.7728619715701255,0.8055748483585683,0.8376857896930129
Dominican Republic,0.26749548756307023,0.41327350117727896,0.4984648360349644,0.5835020106432528,0.6099727468003548,0.6352940233201089,0.656636288958263,0.675349326639207,0.6930856516289357,0.7082420702227269
Ecuador,0.2343747617086019,0.4638645971507237,0.517536435360375,0.5561753460696759,0.588809123966463,0.6159232621021277,0.6425254502585743,0.6668878151270771,0.6899838705423763,0.7122515881950536
Egypt,0.21252518048317326,0.32896579613243704,0.42558060564122463,0.453018406031724,0.4702850388663219,0.48576035657289696,0.5005470574727798,0.514305965490405,0.527414926136512,0.5401715923002695
El Salvador,0.1781901297729862,0.2898856207655749,0.3736047295134199,0.4334523435665873,0.48776308528185913,0.5300057895954634,0.5680016613327181,0.592255628425186,0.6124016590290757,0.630903634233075
Equatorial Guinea,0.38709374349888936,0.7359738188390722,0.791519308158796,0.8165551551430635,0.8393518238900857,0.8587125508065292,0.8776415480528544,0.89194231375786,0.9049456535112149,0.9171369835741401
Eritrea,0.6913507900643993,0.7830519570475657,0.8395683179823782,0.8678877960212972,0.894000561485755,0.9157992038671412,0.935280798045343,0.9512929496759197,0.9650959368291747,0.9785311385533528
Estonia,0.3946724468301419,0.4862298756857517,0.5407284167887839,0.581022620164931,0.6205094971037415,0.6559627467929808,0.6733983935606201,0.6900557616163356,0.7050644208434458,0.71778331799146
Eswatini,0.40000361873054935,0.6758160237388724,0.713240935079974,0.7484294709415937,0.7810559455742926,0.8123652022870377,0.8368386769921111,0.8591011073315481,0.879908807990157,0.8963993631034233
Ethiopia,0.21619606496277283,0.24324857775474673,0.26934893171139235,0.2949956099876757,0.32058627892070446,0.3442334236427984,0.3638366937819099,0.3830478985182392,0.39819282493428426,0.41224556915686444
Falkland Islands,1,1,1,1,1,1,1,1,1,1
Faroe Islands,0.3308187764717676,0.45645472544547755,0.572191173153555,0.6349464925691085,0.673592140547856,0.707751685421418,0.7395303375855242,0.7685521666123656,0.7973233753540011,0.8252925991829778
Fiji,0.27663801394566,0.5091638615051695,0.666954195720125,0.794040033661938,0.8780415965376293,0.9310050492906948,0.974873767732628,1,1,1
Finland,0.11020608610360641,0.15315351481114237,0.1940193079435682,0.22908646222646856,0.2617538394425867,0.2935442367213562,0.317710445076936,0.3380428979177288,0.35813047213401683,0.3720957462040468
France,0.03878962848294125,0.05458318776611005,0.06406894387765254,0.07301954829126465,0.07923497322273508,0.0850176007482837,0.09079146748647805,0.09577668198002719,0.10051001023343399,0.1050128735507676
French Guiana,0.32466847419004313,0.46366139530958234,0.5917722520545633,0.7185221913935161,0.8188977623985906,0.8651742290772136,0.8962168606061884,0.9212830602707065,0.9420713373914694,0.9588454356518161
French Polynesia,0.14124766960981935,0.26596258126792155,0.3878053166018416,0.45629749500799666,0.52428810720268,0.5814666553104506,0.6304876548467384,0.6752406098288051,0.6997795001372209,0.7230928654572296
French Southern Territories,1,1,1,1,1,1,1,1,1,1
Gabon,0.44662053486357617,0.5331997485255436,0.6033502478585874,0.6536625586522996,0.6921644381124213,0.7296950476318169,0.7626575212452102,0.7872586275427873,0.8101373132878702,0.8320563421023877
Gambia,0.20311943661837203,0.2612074136204725,0.30090471786710254,0.3346416614691987,0.3637277673828419,0.3910634616809209,0.4168106425026226,0.4390785068570732,0.45962344046091386,0.47926807703244895
Georgia,0.43423131188170017,0.5054379352147991,0.5613775440541849,0.6152066067830412,0.64228208745878,0.6611313619456248,0.6783012193255024,0.6954694216996081,0.7087839431340017,0.7206784696161628
Germany,0.03851703815018609,0.05926000743731454,0.07342857502582151,0.08425848984743613,0.09156540407685344,0.09865091880511942,0.10562647009493592,0.11234313179290091,0.11905979349086591,0.12572690306894893
Ghana,0.2309305734407288,0.4091079505341562,0.4512472690478721,0.486561578234172,0.5124728719900989,0.5317517399907593,0.5501689734796448,0.5675007689275754,0.5838008537024646,0.59793895645297
Gibraltar,1,1,1,1,1,1,1,1,1,1
Greece,0.07536116093543506,0.1114251068062643,0.13049492624140116,0.14907152742746282,0.16574584506750542,0.18163198950464252,0.1971973037553701,0.20861883569397544,0.21989340085104547,0.23027958302289675
Greenland,0.34702875099666997,0.4696074292950612,0.5730969466722949,0.6487031565123587,0.7191735847286712,0.7785985647952722,0.8251489142160311,0.8581445523193096,0.8897096759063834,0.9203836593030346
Grenada,0.38959015116097867,0.5650615552438835,0.6936782504804945,0.8108669679497169,0.8794867799075373,0.9480546465118695,1,1,1,1
Guadeloupe,0.14773323321388937,0.2328632872673465,0.31208831860068353,0.38108791554630433,0.44419353235753684,0.5068381212144636,0.5625810939889685,0.6172998669368419,0.6592092404357405,0.700318026469078
Guam,0.24395711765504138,0.35544578640249697,0.4622988193784774,0.5691518523544579,0.6516108020084136,0.699785588275207,0.7404966752612294,0.7775437644185099,0.814574569140996,0.8497706608766454
Guatemala,0.11626121304109091,0.18852258546929396,0.24294942812862352,0.2677276971682262,0.28884368506275165,0.3075214240700948,0.325787023528646,0.3439486240650468,0.3609950990800068,0.3775375883070623
Guernsey,0.6477567376443781,1,1,1,1,1,1,1,1,1
Guinea,0.3059429972462752,0.6028195019624474,0.6387424662059092,0.6738724871686134,0.7046981175450362,0.7336197638653621,0.7591665623528997,0.7826499314067572,0.8010565913687854,0.8190398088305451
Guinea-Bissau,0.6191278782425771,0.6886450135807006,0.7358177074312974,0.7550404886517722,0.77290590383822,0.7880692594610806,0.8028397674454625,0.8172202439034693,0.8315922720251647,0.8455292108268246
Guyana,0.6355658560858466,0.756422807321189,0.8511801739431439,0.8848437973259486,0.9150161178659513,0.930860845484834,0.946497338929514,0.9596593613430834,0.9710175890268703,0.9820540002596166
Haiti,0.2661968837030614,0.3615208860538447,0.44407425405102646,0.5100912933490339,0.5711142117610738,0.6205114893884902,0.6502554514931053,0.6793200924273476,0.7082499901906971,0.7353708800389095
Honduras,0.22799581334552388,0.44270360769354034,0.5022061396762685,0.5394797979987449,0.5664931516686862,0.5868240431441926,0.6025759822587033,0.6154416915113061,0.6277559328356009,0.6397604088901561
Hong Kong SAR China,0.36925254199678265,0.4827696154949844,0.5299291552123564,0.5549629451605727,0.5793707671380419,0.6006186830836543,0.6215780130081073,0.6419293653798704,0.6582735369625214,0.6739925291954911
Hungary,0.1684097454809262,0.1879879571972674,0.2035387461459404,0.21848546037119884,0.2325447796384741,0.24599489752735626,0.25856971162565745,0.2710769119158455,0.28304455595187716,0.2944285351550692
Iceland,0.36068218972833127,0.47581308025707986,0.5667161051006512,0.6265396432546868,0.68483149986503,0.7331477117284344,0.7697655162373409,0.8044057833868664,0.8317030782249479,0.8541808840077282
India,0.04093192239315595,0.07617532412522172,0.10340667582351273,0.12536923218964607,0.1458731684582451,0.16096995113016202,0.1759064644853837,0.19071350461416314,0.20079006661643573,0.20989521176364337
Indonesia,0.10759392180058573,0.14380637309329328,0.1761211323084372,0.20691422761799075,0.23759509423015232,0.2635029403591152,0.2875904591899895,0.3086156766557683,0.3294478325410762,0.347386748229935
Iran,0.17507678950401123,0.23154480199690033,0.2694115439419476,0.30485308882153006,0.3397210880196332,0.3703133401404661,0.3923407837408488,0.41292775490445316,0.4322110195811002,0.4509761008845169
Iraq,0.27442144554919107,0.3529752308404982,0.42962320178559527,0.4936269840554523,0.5549572868876558,0.605405957964917,0.6517538234273694,0.6909623198743229,0.7251889414090058,0.7585844645136677
Ireland,0.2582997413791581,0.3286111634507431,0.37663346946682436,0.40039238328451243,0.4214432571545755,0.44170790146830957,0.45520370710893276,0.4659839056262204,0.4763146139062997,0.48615295128681085
Isle of Man,0.5480924009616389,0.7120936552733355,0.8244381728859621,0.8982335110274904,0.9630396153444131,1,1,1,1,1
Israel,0.11027273722737482,0.15939414673944804,0.20478321330762042,0.23715878060003212,0.26649543641303824,0.2952640480579437,0.3211589644257517,0.3468988771312294,0.3712324096090923,0.3935050515194274
Italy,0.04221176125708859,0.06717768086128562,0.0837254405257956,0.09914894032213602,0.11094947305540778,0.12150920778680067,0.128696690812135,0.13538006722440898,0.14114127785792935,0.14681316443301304
Jamaica,0.39653961357580453,0.6434869097947441,0.7048129007103205,0.7483113129871903,0.7833545551309317,0.8032787994453435,0.8222050342812027,0.833210203209108,0.841947015000167,0.849792384426485
Japan,0.07464166739652545,0.10832138922658971,0.13297806894213443,0.15259766660911958,0.17027035443308935,0.1846276628824974,0.1983412421611959,0.21197013931829584,0.22507557060108208,0.2369376394875616
Jersey,0.9017422949341406,1,1,1,1,1,1,1,1,1
Jordan,0.2790411979645206,0.45240403657774036,0.5768642358346115,0.6355300375807391,0.6751627029700004,0.7092141376015383,0.7366745627846358,0.7602675596402589,0.7810553969794998,0.7996456479457007
Kazakhstan,0.17084315510380932,0.27454100307965323,0.317813855795353,0.3608291921885794,0.39177893831032307,0.42243893536184757,0.4523042612383839,0.48082116943174097,0.5092518355815315,0.5368239699649553
Kenya,0.2506683332765154,0.35713527507898746,0.42601992155927365,0.4585529043922269,0.4864936648720929,0.5136132821340693,0.5363000144002206,0.5547638221309384,0.5690960321406537,0.580408927498253
Kiribati,0.46474976077106656,0.6089673380448943,0.6801019172901991,0.725515062775978,0.7574045678314906,0.7839099807463943,0.8083401547205922,0.8315251853303665,0.8532114322607423,0.8743558112454892
Kuwait,0.37524894989211927,0.47192186667530106,0.5588440129868983,0.6407703832783382,0.6917083422866007,0.7319112110606457,0.7672713678924549,0.8014959070076856,0.8321487547354199,0.8562534034680788
Kyrgyzstan,0.36393368642988333,0.49420738882432436,0.5440416372486937,0.5781507154531904,0.6070401758527573,0.6270201352377579,0.6465423469193822,0.6638797433701391,0.6805309226365944,0.6971145719856788
Laos,0.23990034790434278,0.3932562895325058,0.500971278685646,0.6046231158230017,0.6623974304099857,0.7194669125044357,0.7652042002163275,0.795690034668491,0.8261758691206544,0.8529631621370813
Latvia,0.43764553618314617,0.5033973913550844,0.5535711654623005,0.5899885840106605,0.6218661282233078,0.6469989857037866,0.6695952186041139,0.6855540291016377,0.7014450626877494,0.7172164552911078
Lebanon,0.44828917353921743,0.7411449961981634,0.7948147628238872,0.8330797215885828,0.8647119377668597,0.8927870386617536,0.9158163420483125,0.9383501199040767,0.9566328595660057,0.9683308182722115
Lesotho,0.40202019750509294,0.47121067694161006,0.5232778648798755,0.5738856115405375,0.6230182720706968,0.6683872279890888,0.7062812966901079,0.7367574701378871,0.7653350289373905,0.784069740284267
Liberia,0.7069015689737582,0.7463268636518406,0.7810883601183616,0.8101989480905557,0.8341421008034821,0.8516795768532263,0.8691890985263461,0.8854590039901435,0.901692247976401,0.9159224004835649
Libya,0.1981911394765655,0.31341286855848793,0.367511819699875,0.3985102964713241,0.4292278262552033,0.45964980650099463,0.48796095764743175,0.5114450531882692,0.5341594726288881,0.5556828715428842
Liechtenstein,0.16457182122713088,0.31336788158158446,0.4479628940361325,0.5752855956709709,0.6900392246685945,0.7938557562916941,0.8708449050877545,0.9241560970023192,0.9604603888109485,0.9892060583502734
Lithuania,0.21379961179377452,0.3278726393450636,0.3957898073002323,0.4349975323202969,0.4688532306105812,0.49644709310484564,0.515839665467779,0.5318441057144524,0.5477905988498878,0.5635585202751817
Luxembourg,0.20490101509957273,0.2803267343399715,0.3284577914703847,0.3502480968553022,0.370119893439929,0.3893236855676301,0.4073758380115912,0.42438055946709274,0.44111807913982404,0.4571662182130079
Macao SAR China,0.8528328600736026,1,1,1,1,1,1,1,1,1
Madagascar,0.22080709802257123,0.2772739514574894,0.3199638920531429,0.362596401575084,0.39582870421426275,0.4250719197391746,0.44748132835619175,0.462044114263948,0.474165997728282,0.4859300414256389
Malawi,0.3578395734204263,0.6472976869019584,0.7273323479354589,0.7653158121082073,0.787599829260416,0.8088146394761848,0.8281649118609813,0.8414713108432144,0.8546446201797897,0.8677772008778144
Malaysia,0.07416133765278697,0.12017306717898377,0.16505149609044698,0.2088205971712319,0.2516655729296466,0.2941826316057389,0.33196526945460286,0.3680925610614863,0.3976249907806793,0.42664226067230093
Maldives,0.5518843572534847,0.6111746829244926,0.6640090691844653,0.714570837036761,0.7485057667026809,0.7753514042865735,0.8019628610509396,0.8181373044723215,0.8341041785309411,0.8496718807380954
Mali,0.561926850613238,0.6083588627610276,0.6373394596870753,0.6646925888275214,0.6905741648926329,0.7153220695477969,0.7350270039493076,0.7527199341144044,0.770033245854503,0.7837541391168608
Malta,0.06443789290784992,0.11341889658001746,0.1606422472217418,0.2060737570738496,0.2398613183604355,0.2713301451572034,0.3012746001037699,0.3308771774586026,0.35994079484529035,0.38767712275818794
Marshall Islands,0.5001476814019887,0.7955104853795412,0.8362311706212464,0.8598601949394507,0.8771881461061337,0.8940041350792557,0.9100324899084375,0.924091759377769,0.9359456532440681,0.9454366446785468
Martinique,0.2717675231845676,0.3943143075431757,0.4662279893823589,0.5277716542804253,0.5872074939528367,0.6397340154070549,0.6909922179575838,0.7364101139373148,0.7767517144953752,0.8100450857172192
Mauritania,0.5094459072036278,0.5722586311154539,0.5989456951728374,0.6252190196349974,0.6510239839940408,0.676392414372677,0.7005987611896777,0.7243320169934292,0.7450159861754204,0.7590594778623512
Mauritius,0.1325977894388858,0.2310804311781544,0.3262025553259591,0.39335994526131995,0.45939830163165346,0.48020805482068557,0.49820057694295405,0.5136073627283234,0.5288279276608867,0.5439562363911424
Mayotte,0.15272791084395743,0.20319433109291915,0.25260507338215266,0.3001245087197885,0.34435713668940504,0.3870828470436839,0.419666806866642,0.4515376966165382,0.47978474197169446,0.5071710894652253
Mexico,0.10976159520109198,0.12692573043882485,0.1431369260743424,0.15850365635899988,0.1736113162053175,0.18830089039593798,0.2025338906594545,0.2159396207497333,0.22912161711664047,0.241492404641848
Micronesia (Federated States of),0.3070581717451524,0.5217063711911357,0.6850526315789474,0.8196565096952909,0.9455512465373961,0.967601108033241,0.9817839335180055,0.9952354570637119,1,1
Moldova,0.34126806967085566,0.425512711818933,0.4925864714909692,0.5517052832659018,0.5814618860068039,0.599969950955667,0.6184404545991136,0.6331553642910035,0.6465261158390659,0.6590039814983741
Monaco,0.4659627399428943,0.6922935572329177,0.8642750120148136,0.9151895513527266,0.9575947756763633,1,1,1,1,1
Mongolia,0.5520574943083353,0.6159753461394699,0.6707898017915348,0.6965388666856607,0.7167511376794736,0.7364151530280179,0.7558883571150383,0.7751132451767879,0.793671600749653,0.8119189078277053
Montenegro,0.4738859722133299,0.5903546962033421,0.6294417056149562,0.668434678916704,0.7044485082271592,0.7399161277930726,0.770727959536462,0.8010135892182598,0.8231680965490749,0.8448324156476087
Montserrat,1,1,1,1,1,1,1,1,1,1
Morocco,0.15174878596343372,0.22028715485876443,0.26962496344385484,0.3124736707792373,0.3536968326700277,0.39394425335328254,0.422850151988706,0.4463741995678872,0.4687150388204012,0.4882095384787966
Mozambique,0.14187410299611453,0.2774338187226235,0.3645342386114566,0.4422940596663185,0.4900113310514451,0.5303743859897462,0.5699281447172675,0.6017370585531122,0.6288501775409109,0.6551858837394776
Myanmar (Burma),0.3533624827023446,0.4487022270028485,0.5217006017039004,0.5563342662657149,0.5757530176936223,0.5950384780351836,0.6137488690184244,0.6281126605618981,0.642139633658643,0.6561428526896744
Nauru,0.28402719790051295,0.49922462125730643,0.6662292735297626,0.7974472146009781,0.8940713348443278,0.939162590957891,0.9785279732792557,1,1,1
Nepal,0.28002396647954664,0.3517403170588175,0.40984757482098433,0.46193408946307823,0.5094534986419836,0.5492140901309711,0.5880450680095455,0.626089912740968,0.6596973474753166,0.6919771510759967
Netherlands,0.044591118212314845,0.08055803773009518,0.10907500648451815,0.13082486798579263,0.14484718001924252,0.1574506542298599,0.16945245414210094,0.18006048849916445,0.1901418849847901,0.19968570078671605
New Caledonia,0.40147024564491496,0.507942260071269,0.5914028593861897,0.6458338725959671,0.690592671205101,0.722913916427234,0.7439883001578961,0.7648081519253833,0.7845322220208975,0.8042131511057041
New Zealand,0.0707924156524909,0.135484869859584,0.19713259462986565,0.25845406208984917,0.29366562792843887,0.323902870861055,0.35019317956213086,0.3727737088781966,0.3920848892385229,0.4074321957354138
Nicaragua,0.3148904292223258,0.3616628481930206,0.40376734493113803,0.4446661100755928,0.4799672517344931,0.5111693590141866,0.5401020632701667,0.5599173526975251,0.5777153230817024,0.5950291886714301
Niger,0.342625997509946,0.4362494402555282,0.5187872246251329,0.5600641408925369,0.598773609568848,0.6263267561740139,0.6492500071181377,0.6713793915674657,0.6919329497304167,0.707860236011565
Nigeria,0.21080497127658973,0.2780685798656237,0.32805735944635395,0.3649085014228308,0.3939510371068944,0.4192947592840253,0.44370692842978066,0.4649819557492857,0.48087315451981105,0.4960793878260896
Niue,1,1,1,1,1,1,1,1,1,1
Norfolk Island,1,1,1,1,1,1,1,1,1,1
North Korea,0.34624330846119994,0.40632071350622934,0.4552160286365353,0.5021770236078402,0.5393677674560304,0.5757066581986429,0.6110839768977696,0.6462241264529566,0.6795481643033036,0.7105093226171997
North Macedonia,0.20108662973712046,0.23286616695192355,0.26412190984640166,0.2934607433729644,0.3208881722415263,0.3476393686690543,0.37229030654459194,0.3967960047662319,0.41838039578017405,0.4388236180849199
Northern Mariana Islands,0.762733312242961,1,1,1,1,1,1,1,1,1
Norway,0.15461092427476814,0.23082637939601508,0.2875152744930361,0.32613521738295953,0.35359385096359924,0.3784395599239954,0.4023466739458201,0.42510806770465687,0.44743628430496524,0.46461622369748296
Oman,0.24987741271220767,0.3975082487763218,0.5176679320433765,0.5689203916271942,0.6200684482267795,0.6639615947508813,0.7015842917715399,0.7355306242483298,0.7691223628057001,0.7947205323360811
Pakistan,0.21548775728556982,0.33247790532049715,0.3789447290248013,0.4112580332745091,0.437901153935221,0.4636006992171624,0.489265782679278,0.511859185333702,0.5264839548807094,0.5400846948810906
Palau,0.4608901764550961,0.8781933105082961,0.9013036607848302,0.9204306031077166,0.9364959178298656,0.9463721358967606,0.9552936528838557,0.9641822491440611,0.971523571240453,0.9787990518830656
Palestinian Territories,0.1111233052427242,0.21749764484617623,0.2624299064450656,0.3061648080993941,0.3477986868217501,0.3816117165367732,0.4143814993748562,0.4298197888962313,0.4445874011788871,0.4593101286792225
Panama,0.1631822147025829,0.2917156744767325,0.3319491208978364,0.3647148565027334,0.3954248627314894,0.4260661047726344,0.4536925169371791,0.4781725677267279,0.49881821547338145,0.519145229164651
Papua New Guinea,0.3653076621998826,0.46348635759679463,0.5153290347832357,0.5586188161133828,0.5949238827031426,0.6302259828813332,0.664052602305149,0.6978521841235181,0.7221177912593859,0.745940496667937
Paraguay,0.36866006418097624,0.4437289734177738,0.5004074114054301,0.5497924888061353,0.5812255969770969,0.6111141234461533,0.6350272826355687,0.6585668570075508,0.6772483364034279,0.6958984764604256
Peru,0.3443953795034013,0.4022619786531006,0.44714375808129314,0.48809100938222333,0.5126846701229941,0.5342499936791869,0.5545589443423025,0.5736304400389861,0.5904388620684621,0.6049518051352066
Philippines,0.04338470239483174,0.07129933658504431,0.09643422492699454,0.11999818274757287,0.14000736043786483,0.15763279244572187,0.172779217544328,0.1837335517094324,0.19457284663245672,0.2046970696914578
Pitcairn Islands,1,1,1,1,1,1,1,1,1,1
Poland,0.05839916798617308,0.08477460053616488,0.1106798243680376,0.13246254772978736,0.15203091568284513,0.16787717249379525,0.18186887534274546,0.19444158057238245,0.2067944319190784,0.21768131623857317
Portugal,0.05972599737589573,0.08851997635422525,0.10915039577836412,0.12315261617428666,0.1366606975503554,0.14895442421096644,0.16088100696396904,0.17251322865752555,0.18335360525974306,0.19152131724267196
Puerto Rico,0.17878338025182058,0.2657930877609449,0.33865242465392625,0.3974392083488683,0.43496003092173446,0.47207466367482925,0.5068616149765179,0.53903313140711,0.570278535048623,0.5840137369121364
Qatar,0.46914327449190957,0.8397163969409169,0.8796903922867366,0.9156453628886927,0.9413820820860302,0.9527795194307266,0.9626400708327609,0.9704863495966695,0.9776498701807405,0.9846488215621018
Romania,0.07539316175020272,0.09087375065833038,0.10609387910690618,0.12086441705675825,0.13473569368211286,0.14750094715632805,0.16022266336945548,0.172876302407727,0.18515385019800418,0.1969654207713622
Russia,0.07923735436917344,0.12008737859134903,0.13239774243476718,0.14380921927702167,0.15341896071559183,0.16291029518065453,0.17208770194550527,0.18103382851282818,0.18991377143628574,0.1985411158693639
Rwanda,0.5190735657362302,0.5980592357008977,0.6391200340951272,0.679270254292824,0.7189952019357233,0.7513457035098734,0.7806212278828484,0.8026290825936127,0.8242606994083762,0.8454510042939697
Réunion,0.17139038114190855,0.28793561883372815,0.38104445529719366,0.4717900502437993,0.5350792970519281,0.5948081776572901,0.6377839572003008,0.6787840934133779,0.7178152308368688,0.7564565552266508
Saint Martin (French part),1,1,1,1,1,1,1,1,1,1
Samoa,0.5031503710713752,0.585869402799223,0.6420032873437267,0.6742790257508592,0.7019973103551327,0.7292548687552921,0.7553792897345221,0.7808188474373662,0.8044155003237535,0.8271778652189072
San Marino,0.3043292462443707,0.5154991617632556,0.6634232931198842,0.7673317773906183,0.8498405706584268,0.9001347753196804,0.9388251536767365,0.9700864534367707,1,1
Saudi Arabia,0.20919707295125495,0.3965240327441298,0.46683785463123884,0.5247378322417628,0.5805232581315063,0.6226876697499295,0.6558845328360349,0.6865578476672076,0.7162649900258381,0.7432521695901033
Senegal,0.30595647388251446,0.40700488662744555,0.49409400049688246,0.530829891977198,0.5600000601160726,0.5870185352880768,0.6139293795686047,0.6394863405300365,0.6650433014914682,0.6892922754430584
Serbia,0.2603376650347157,0.31143833253207487,0.3554666676477995,0.3872698834741259,0.41741375842547807,0.44134358780648136,0.461783854805425,0.48115264300828403,0.4987304550166956,0.5156643986146404
Seychelles,0.42186290054943026,0.5363398355396586,0.6134628857996238,0.6902171908993694,0.7665843135808843,0.8419558243298056,0.9123492754157602,0.9599174010841107,1,1
Sierra Leone,0.4160838182051931,0.5064680108987305,0.5806694756748463,0.6452935980325883,0.6907459285278834,0.7192576380277776,0.7309013017928163,0.7419472564477935,0.7519051005893111,0.7612092489912039
Singapore,0.8378155905287181,0.8768528313997718,0.9147014073792317,0.9406217311715481,0.9624797926968429,0.978853651578547,0.9931072294598706,1,1,1
Sint Maarten,0.3547576151171073,0.6899484644069217,0.9413416013742825,1,1,1,1,1,1,1
Slovakia,0.13748191590942493,0.21153754434029204,0.23954707930784208,0.2667675493141267,0.29335306860939303,0.3177897485796344,0.3382931084325153,0.3572014669081015,0.375835015341668,0.3935558829627183
Slovenia,0.2272509084777061,0.3082429586194979,0.33991633573562696,0.37153211123290003,0.39303087196328856,0.41333919923732115,0.43352731443721965,0.4486907318995261,0.46134889634463466,0.47273899036884237
Solomon Islands,0.6228206035932383,0.7393353394105673,0.8265333215328791,0.9059319408797238,0.9446521816089919,0.9745220816001416,0.9938822019647756,1,1,1
Somalia,0.41791148204480755,0.5144817811881738,0.5916737955890278,0.6308199789879859,0.6687559685879435,0.7059243606261218,0.7299444137893604,0.7509174987691302,0.7703012755817394,0.7863365049499704
South Africa,0.15070116314607088,0.276661497033487,0.36010773111902733,0.4054386623451129,0.4487475691795013,0.4768299843573846,0.4969099603441568,0.5130987782542935,0.5279679811505575,0.5416512581431617
South Georgia & South Sandwich Islands,1,1,1,1,1,1,1,1,1,1
South Korea,0.2248377747358089,0.3047540165539398,0.3689501202799123,0.42470794672967466,0.4570800473515934,0.4890057229905716,0.5159730811101337,0.5392853984987659,0.5617040838250945,0.5839873578458283
South Sudan,0.25844957821028836,0.43074929701714726,0.5804892393082282,0.6728217869548437,0.7459825448898201,0.7907804717796034,0.8189227591847237,0.8445379840473434,0.8677306748635386,0.8899831835474444
Spain,0.06261142395460824,0.09377043115033452,0.1090099600220336,0.12216770016073299,0.1351536597497096,0.1462773781861393,0.1551298358469836,0.16300756917061224,0.17028640700106215,0.17693650455906887
Sri Lanka,0.15534397175956413,0.20803997116698672,0.25486964615794344,0.2954060629392941,0.3357454333545801,0.3686399509829186,0.3969693214149847,0.4247346406312963,0.45151113228067746,0.47750111647621646
St. Barthélemy,1,1,1,1,1,1,1,1,1,1
St. Helena,0.5220968252294061,0.8237527686952854,0.9328129944098724,1,1,1,1,1,1,1
St. Kitts & Nevis,0.40227916679640063,0.49325902170190244,0.5732166765264501,0.6498116262415543,0.7224211476787994,0.7865304978671731,0.8392128779151228,0.8871002895662733,0.9116355824018433,0.935921785970047
St. Lucia,0.35964107820395247,0.5930481379583176,0.6752980525435616,0.7365449281616946,0.7890165614716513,0.8406250561939185,0.8830986675298053,0.9173724622826419,0.9508550466634299,0.9734405063746381
St. Pierre & Miquelon,0.8445715842528266,1,1,1,1,1,1,1,1,1
St. Vincent & Grenadines,0.7826475564209787,0.8362754173715964,0.8798480543939733,0.9133654674881093,0.9452868132920484,0.9720688224215533,0.9955310115874485,1,1,1
Sudan,0.21723853336566273,0.34925516218022823,0.41149374175171105,0.46537027804022196,0.5095383114457097,0.5528079716921144,0.5928469650037118,0.6308092267301989,0.66741237726304,0.6965367857735361
Suriname,0.7070669725524398,0.7646512333390213,0.8109828160450991,0.8525143936952139,0.8917139083227474,0.914067585587977,0.9296620720601154,0.9436512902186072,0.9567493948644054,0.9693419031909448
Svalbard & Jan Mayen,0.9941225860621327,1,1,1,1,1,1,1,1,1
Sweden,0.1583495748701313,0.21976019558618318,0.256525000608829,0.2750327748585923,0.2924534366018792,0.3087574066790579,0.32334902561753814,0.3369600379282171,0.3503175892420492,0.36362538903650016
Switzerland,0.04591845372801731,0.07064008494369739,0.09274243070442695,0.11143485459626616,0.12777848098374303,0.14012821101983766,0.15110507697686648,0.1605878766037463,0.16905322230024672,0.17634416924456597
Syria,0.20193651012411018,0.3529785637649363,0.4276052110958877,0.4958409861984724,0.54703725846556706,0.5913666441973028,0.6354770787465868,0.6761341478766452,0.7022927990372693,0.714875995674487
São Tomé & Príncipe,0.8038488221277109,0.8732392242029379,0.9332187132386209,0.9516785811238802,0.9691129007932917,0.9845866135794649,1,1,1,1
Taiwan,0.5053899962840009,0.6029581484001044,0.6697745464593616,0.7192892066791423,0.7541727305248392,0.7801172478597053,0.8059272624643263,0.8314484332582686,0.8539491028828398,0.871385921268586
Tajikistan,0.24650354280813033,0.34591768871544226,0.4451504219477408,0.5230490245984702,0.5996414559891037,0.6689410978442006,0.7091421466271574,0.7269931538484703,0.7435717325672397,0.756996270518227
Tanzania,0.3128706700832351,0.37705894731250916,0.4129520356769619,0.44442682294873537,0.471822346963557,0.49528058054156443,0.5181443646815093,0.536086579361034,0.5537524613513429,0.5703896651225548
Thailand,0.3180983976539689,0.34233493609896926,0.3581869608519955,0.3718447226327217,0.3837907461690603,0.3951902448618252,0.4063398502110633,0.41701690163911337,0.42674710033361074,0.4349755085828081
Timor-Leste,0.4415063017666139,0.5062605593590506,0.5696579209173912,0.6255820524744956,0.676667274964238,0.7272521236453114,0.7752291417706169,0.822323147292389,0.8694171528141612,0.9047376569554902
Togo,0.47075031207537027,0.5447259890340357,0.610159466118787,0.6608217942889579,0.7079684081770026,0.7468020123524078,0.7818241527499051,0.8116998751698519,0.8354025332733881,0.856327281038627
Tokelau,0.4897196261682243,0.8878504672897196,1,1,1,1,1,1,1,1
Tonga,0.4217740872545143,0.5724076898454122,0.6537498352444971,0.7180892127511345,0.7745768137227212,0.8306125138865352,0.8698902257621118,0.9078498936150182,0.9405750437778908,0.9639420813798038
Trinidad & Tobago,0.13528104223758491,0.2483880545513636,0.35956715202240475,0.45793093209968183,0.529450353685106,0.599665774596462,0.6532301099774107,0.6953593625242244,0.7335886499781329,0.7692139483936717
Tunisia,0.14147177503291844,0.19805926055329115,0.23155383237673235,0.2560016473509731,0.2795257865937631,0.3019901273227608,0.321926298595017,0.341840428996969,0.35857251078982233,0.37515051057267895
Turkey,0.20333247838400678,0.25164048495377545,0.2942437306608004,0.3285891657711766,0.3534348154612893,0.3780390749658888,0.4024797522736483,0.4215719098134951,0.44003156326042203,0.45657714018598705
Turkmenistan,0.3603781172187149,0.4766662968957068,0.5591219194282284,0.6159147770380158,0.6594067751284128,0.6969436449247945,0.7307638213451607,0.7640897592592959,0.7836418939932689,0.8023145020868948
Turks & Caicos Islands,1,1,1,1,1,1,1,1,1,1
Tuvalu,0.5445508546490484,0.668687113589526,0.7907625166686871,0.8618014304764214,0.911261971148018,0.9425384895138804,0.9728451933567706,1,1,1
U.S. Virgin Islands,0.6727961707219785,0.9387182555511235,0.9751894694854407,1,1,1,1,1,1,1
Uganda,0.3646899530766451,0.40426878288455065,0.4364268179195417,0.46270346547208085,0.48778378442476644,0.5091169186844212,0.5297320940817174,0.5479775201258907,0.5661124494983046,0.5842417192850919
Ukraine,0.08652380802451903,0.13087159231780873,0.16228945421723123,0.1922436610255965,0.22013008851643134,0.24231418703151608,0.2642749516481027,0.28295272960663975,0.2998959197846246,0.3144326029264318
United Arab Emirates,0.37866070615981456,0.5753774632051485,0.7141513919969483,0.8063314273471782,0.8596784644466304,0.8979922915771262,0.9244833000863507,0.9339013189493867,0.9431954508896127,0.9521560243663151
United Kingdom,0.1268801453451933,0.1430894365113031,0.15532331952053008,0.16419177403946358,0.17207047160142222,0.17938000582216637,0.18655110715025852,0.1931466459074902,0.1994791508426129,0.2050786891466885
United States,0.032846135375551824,0.04739134302747966,0.05759892112399139,0.06765906414426028,0.07625685072812423,0.08473596623376738,0.09073551318774094,0.09661609433510929,0.10216570296827224,0.10751791446792763
Uruguay,0.47164374211522,0.508693810909288,0.5358807366588315,0.5617437431173455,0.5857320323515842,0.6063231157347455,0.6255691238415706,0.6445066999520835,0.6602285662959916,0.6757834117032684
Uzbekistan,0.19265558227718402,0.29102736371807153,0.3410481484093186,0.38466288477489224,0.4170476544076597,0.44618907718698003,0.4734786755301265,0.5005844842182443,0.5258786937629953,0.549497661089149
Vanuatu,0.6237143849895761,0.8564628214037526,0.9085476025017373,0.9424426685198054,0.9674079221681724,0.9877519110493398,1,1,1,1
Vatican City,1,1,1,1,1,1,1,1,1,1
Venezuela,0.10187104857058789,0.17742540959377393,0.2369947089875223,0.291987077997059,0.33411802338246177,0.36637718876314795,0.3940569448974405,0.4160427206429286,0.43005403070631104,0.44382787935547546
Vietnam,0.27354708522771,0.5185193916134689,0.5485889473141499,0.5741858831767187,0.5994576255307473,0.6241593134891581,0.6420635415522842,0.6565021515819687,0.6671925649892733,0.6775817234617185
Wallis & Futuna,0.6253256904637832,0.8754559666492965,1,1,1,1,1,1,1,1
Western Sahara,0.6051530058687182,0.8363262563495586,0.9677898604330029,1,1,1,1,1,1,1
Yemen,0.33713656194490693,0.4873075097306598,0.5948234699616342,0.7018784767271573,0.8003683451474772,0.8412324179923937,0.8690939140917773,0.8848926634444587,0.896969679041356,0.9061208843067705
Zambia,0.3001420858198352,0.40700151558207825,0.5019418395377475,0.5793925831202046,0.6241446433645922,0.6593260395945818,0.6878616084114806,0.7147075400208392,0.7405678696599413,0.7621308136781283
Zimbabwe,0.30617510774482737,0.5443849946884186,0.6180592972121988,0.6626718176999394,0.6940670043137621,0.718526275806516,0.7423133886579233,0.7653934152267449,0.7840644224466455,0.8020839100859319
Åland Islands,0.3964077633873901,0.5323041525958363,0.6218131888521914,0.6896871636916911,0.75243997476528,0.8042082606598137,0.8423572197276135,0.8802092997365198,0.9036627453890971,0.9227743348053586
